{
  "hosting": {
    "public": "public",
    "ignore": [
      "firebase.json",
      "**/.*",
      "**/node_modules/**"
    ],
    "rewrites": [
      {
        "source": "/api/**",
        "run": {
          "serviceId": "studio",
          "region": "us-central1"
        }
      },
      {
        "source": "**",
        "run": {
          "serviceId": "studio",
          "region": "us-central1"
        }
      }
    ]
  },
  "apphosting": [
    {
      "backendId": "studio",
      "rootDir": "/home/user/studio/src",
      "ignore": [
        "node_modules",
        ".git",
        "firebase-debug.log",
        "firebase-debug.*.log",
        "functions"
      ]
    },
    {
      "backendId": "studio",
      "rootDir": "/home/user/studio/src",
      "ignore": [
        "node_modules",
        ".git",
        "firebase-debug.log",
        "firebase-debug.*.log",
        "functions"
      ]
    },
    {
      "backendId": "studio",
      "rootDir": "public",
      "ignore": [
        "node_modules",
        ".git",
        "firebase-debug.log",
        "firebase-debug.*.log",
        "functions"
      ]
    }
  ]
}
